prime_contractor,headquarter_province,contracts_won_in_bc,total_bc_revenue,project_titles
C3 Fuel Nunavik Inc.,Québec,4,1021986057.84,E60HL-250052 Bulk Aviation 2025-2027 | E60HL-250052 Bulk Aviation 2025-2027 | E60HL-250052 Bulk Aviation 2025-2027 | E60HL-250052 Bulk Aviation 2025-2027
"The Character Group, LLC",Tennessee,10,275545954.2,Licence Plate Reader (LPR) and Radio-Frequency Identification (RFID) Solution | Licence Plate Reader (LPR) and Radio-Frequency Identification (RFID) Solution | Licence Plate Reader (LPR) and Radio-Frequency Identification (RFID) Solution | Licence Plate Reader (LPR) and Radio-Frequency Identification (RFID) Solution | Licence Plate Reader (LPR) and Radio-Frequency Identification (RFID) Solution | Licence Plate Reader (LPR) and Radio-Frequency Identification (RFID) Solution | Licence Plate Reader (LPR) and Radio-Frequency Identification (RFID) Solution | Licence Plate Reader (LPR) and Radio-Frequency Identification (RFID) Solution | Licence Plate Reader (LPR) and Radio-Frequency Identification (RFID) Solution | Licence Plate Reader (LPR) and Radio-Frequency Identification (RFID) Solution
HARNOIS ÉNERGIES INC.,Québec,4,248421331.2,E60HL-250052 Bulk Aviation 2025-2027 | E60HL-250052 Bulk Aviation 2025-2027 | E60HL-250052 Bulk Aviation 2025-2027 | E60HL-250052-004-HL Bulk Aviation Fuel 2025-2027
Shell Canada Products,Alberta,4,85401619.88,E60HL-240050 NMSO Into-plane Aviation Fuel 2024-2026 | E60HL-240050 NMSO Into-plane Aviation Fuel 2024-2026 | E60HL-240050 NMSO Into-plane Aviation Fuel 2024-2026 | E60HL-240050 NMSO Into-plane Aviation Fuel 2024-2026
IRVING OIL LIMITED,New Brunswick,5,73153261.86,E60HL-250052 Bulk Aviation 2025-2027 | E60HL-240050 NMSO Into-plane Aviation Fuel 2024-2026 | E60HL-250052 Bulk Aviation 2025-2027 | E60HL-250052 Bulk Aviation 2025-2027 | E60HL-250052-006-HL Bulk Aviation Fuel 2025-2027
JASCO Applied Sciences (Canada) Ltd.,Nova Scotia,8,50128672.85,F1625-240074 - Autonomous Passive Acoustic Recorders | EZ113-240547 - Underwater Noise Pollution Services | T8009-220102 - ACAN - Boundary Pass Underwater Listening Station (ULS) | T8009-220102 - ACAN - Boundary Pass Underwater Listening Station (ULS) | T8009-220102 - ACAN - Boundary Pass Underwater Listening Station (ULS) | F1625-240074 - Autonomous Passive Acoustic Recorders | T8009-220102-001-VIC - Boundary Pass Underwater Listening Station (ULS) | T8009-220102-001-VIC - Boundary Pass Underwater Listening Station (ULS)
GENERAL MOTORS OF CANADA COMPANY,Ontario,1,49238461.0,DISO and NISO - Light duty vehicles
Woodward's Oil Limited,Newfoundland and Labrador,2,48411779.5,E60HL-250052 Bulk Aviation 2025-2027 | E60HL-240050 NMSO Into-plane Aviation Fuel 2024-2026
Ledcor Highways Ltd.,Alberta,1,48384089.25,EZ011-241081 Highway Maintenance and Repair South Section Km 133 to Km 589
Ford of Canada,Ontario,1,43915384.0,DISO and NISO - Light duty vehicles
Slate Construction Inc,Alberta,10,27336787.68,F1700-240359 PSEC - Facility Repairs. | EZ899-250328-Port Hardy Airfield Substation Replacement | F1700-240359 PSEC - Facility Repairs. | F1700-240359 PSEC - Facility Repairs. | F1700-240359 PSEC - Facility Repairs. | F1700-240359 PSEC - Facility Repairs. | F1700-240359 PSEC - Facility Repairs. | F1700-240359 PSEC - Facility Repairs. | F1700-240359 PSEC - Facility Repairs. | EZ899-250328-Port Hardy Airfield Substation Replacement
Atwell Environmental,Alberta,3,26740020.36,EZ897-250153 Remedial Excavation Program | EZ897-250153 Remedial Excavation Program | EZ897-250153 Remedial Excavation Program
ROY'S CHEVROLET BUICK GMC INC.,Ontario,7,24293975.5,Class 5 Diesel Truck with Body | 5 Ton Extended Cab Flatdeck Trucks | 5 Ton Extended Cab Flatdeck Trucks | Heavy Duty Pickup Trucks | 5 Ton Extended Cab Flatdeck Trucks | Class 5 Diesel Truck with Body | Class 5 Diesel Truck with Body
Fastenal,Ontario,3,23625000.0,W3555-249706 - RISO Ready Use Materials Inventory | W3555-249706 - RISO Ready Use Materials Inventory | W3555-249706 - RISO Ready Use Materials Inventory
ABCO Industries Inc.,Nova Scotia,5,21409191.75,Amend 002 - Sea Trucks - Short Procurement - ABCO Industries Inc. | Amend 004 - Sea Trucks - Short Procurement - ABCO Industries Inc. | Amend 005 - Sea Trucks - Short Procurement - ABCO Industries Inc. | Amend 006 - Sea Trucks - Short Procurement - ABCO Industries Inc. | Amend 007 - Sea Trucks - Short Procurement - ABCO Industries Inc.
Turner & Townsend Canada Inc.,Ontario,4,21000000.0,"EZ897-250373A – Faro Mine Independent Engineer, Cost and Analysis Services | EZ897-250373A – Faro Mine Independent Engineer, Cost and Analysis Services | EZ897-250373 – Independent Engineer Cost and Analysis Services | EZ897-250373 – Independent Engineer Cost and Analysis Services"
Toyota Canada Inc,Ontario,1,19961538.0,DISO and NISO - Light duty vehicles
FCA Canada Inc.,Ontario,1,17300000.0,DISO and NISO - Light duty vehicles
6221777 Canada Corporation,Ontario,3,14619375.0,National Refueller Repair Contract | National Refueller Repair Contract | National Refueller Repair Contract
AVJET HOLDING INC.,Québec,5,14604058.0,E60HL-250052 Bulk Aviation 2025-2027 | E60HL-240050 NMSO Into-plane Aviation Fuel 2024-2026 | E60HL-240050 NMSO Into-plane Aviation Fuel 2024-2026 | E60HL-240050 NMSO Into-plane Aviation Fuel 2024-2026 | E60HL-240050 NMSO Into-plane Aviation Fuel 2024-2026
Ott Hydromet,Virginia,4,13402123.0,Environmental Data Acquisition System | Environmental Data Acquisition System | Environmental Data Acquisition System | Environmental Data Acquisition System - Level 1 and Level 2
Kia Canada Inc.,Ontario,1,13307692.0,DISO and NISO - Light duty vehicles
WSP Canada Inc.,Quebec,2,11500000.0,"EZ897-240775, Contaminated Sites Risk Assessment and Risk Management Services | EZ897-240775, Contaminated Sites Risk Assessment and Risk Management Services"
Executive Flight Centre Aviation Ltd.,Alberta,2,9496204.32,E60HL-240050 NMSO Into-plane Aviation Fuel 2024-2026 | E60HL-240050 NMSO Into-plane Aviation Fuel 2024-2026
BMT CANADA LTD.,Ontario,2,8941811.06,W0103-249706 - Naval Technical Officer Instructor | W0103-249706 - Naval Technical Officer Instructor
FLIGHT FUELS LIMITED PARTNERSHIP,Alberta,6,7598600.72,E60HL-250052 Bulk Aviation 2025-2027 | E60HL-240050 NMSO Into-plane Aviation Fuel 2024-2026 | 5P420-230260 RISO Bulk Aviation Fuel | E60HL-250052 Bulk Aviation 2025-2027 | E60HL-240050 NMSO Into-plane Aviation Fuel 2024-2026 | 5P420-230260 RISO Bulk Aviation Fuel
Mercedes-Benz Canada,Ontario,1,6653846.0,DISO and NISO - Light duty vehicles
Volvo Car Canada Limited,Ontario,1,6653846.0,DISO and NISO - Light duty vehicles
Marine Recycling Corporation,Ontario,2,6569436.0,F7044-250070 - Former CCGs Bartlett - Vessel Disposal | F7044-250070 - Former CCGs Bartlett - Vessel Disposal
ABB Inc. (PAEN),Quebec,2,6000000.0,Master Agreement - ABB OEM parts and service - ABB Inc. | Revision 004 - ABB OEM parts and service - ABB Inc.
ARCTIC PETROLEUM SERVICES LTD,Alberta,3,5571366.27,E60HL-250052 Bulk Aviation 2025-2027 | E60HL-240050 NMSO Into-plane Aviation Fuel 2024-2026 | E60HL-250052 Bulk Aviation 2025-2027
Viking-Cives Ltd.,Ontario,2,5501034.0,5P435-230044 - Heavy Tandem Snow Plow Trucks | 5P435-230044 - Heavy Tandem Snow Plow Trucks
"Tesla, Inc.",Texas,1,5323076.0,DISO and NISO - Light duty vehicles
Marine Transportation Services,Northwest Territories,3,4830069.18,F7049-240070 – CCGS Eckaloo – Vessel Life Extension 2024-25 | F7049-240070 – CCGS Eckaloo – Vessel Life Extension 2024-25 | F7049-240070 – CCGS Eckaloo – Vessel Life Extension 2024-25
Sensoreal Inc.,Quebec,4,4591690.76,Call for Proposals TS9 - Innovative Solutions Canada - Testing Stream | Call for Proposals TS9 - Innovative Solutions Canada - Testing Stream | Call for Proposals TS9 - Innovative Solutions Canada - Testing Stream | Call for Proposals TS9 - Innovative Solutions Canada - Testing Stream
Mikisew Landing Limited Partnership,Alberta,2,4284735.04,E60HL-250052 Bulk Aviation 2025-2027 | E60HL-250052 Bulk Aviation 2025-2027
Dexterra Group,Ontario,1,4095000.0,W3937-250061 Quadra Cadet Training Centre Food Services
Terragon Environmental Technologies Inc.,Quebec,4,4000000.0,F7044-240111 - Terragon NISO | Amend 002 - F7044-240111 - Terragon NISO | Revision 002 - F7044-240111 - Terragon NISO | Amend 002 - F7044-240111 - Terragon NISO
ALLIED SYSTEMS COMPANY,Oregon,3,3500000.0,Master Agreement - OEM parts and services - ALLIED SYSTEMS COMPANY | Revision 003 - OEM parts and services - ALLIED SYSTEMS COMPANY | Master Agreement - OEM parts and services - ALLIED SYSTEMS COMPANY
Air North Partnership,Yukon,1,3303253.24,E60HL-240050 NMSO Into-plane Aviation Fuel 2024-2026
Nanowave Technologies Inc,Ontario,1,3293052.0,31034-246767 - SKA Low Noise Amplifer
Cube Construction Ltd,Alberta,4,3224068.68,F1700-240791 Supply and Installation of a Secondary Aeration Tower | F1700-240791 Supply and Installation of a Secondary Aeration Tower | F1700-240791 Supply and Installation of a Secondary Aeration Tower | F1700-240791 Supply and Installation of a Secondary Aeration Tower
"TECHSOL MARINE INC., François Lessard, in Joint Venture",Québec,2,3000000.0,Master Agreement - Parts and Services NISO - TECHSOL MARINE INC. | Revision 003 - Parts and Services NISO - TECHSOL MARINE INC.
Hyundai Auto Canada,Ontario,1,2661538.0,DISO and NISO - Light duty vehicles
Polestar Automotive Canada Inc.,Quebec,1,2661538.0,DISO and NISO - Light duty vehicles
Honda Canada,Ontario,1,2661538.0,DISO and NISO - Light duty vehicles
WATERAX INC.,Quebec,3,2520000.0,Specialized Wildland Fire Suppression Equipment - Waterax | Specialized Wildland Fire Suppression Equipment - Waterax | Specialized Wildland Fire Suppression Equipment - Waterax - 5P420-230153
MarineNav,Prince Edward Island,1,2400000.0,F7044-240105 - NISO - Remotely Operated Vehicles
AB Sciex LP,Ontario,2,2221393.52,H4134-246541 - SCIEX QTRAP 4500 SYSTEMS | F1625-240048 - Sciex Triple Quadrupole 7500 System
"Olin Winchester, LLC",Illinois,3,2115504.0,"PR12923 - EN578-241596 - Requirement for Ammunition | Amd 001 - EN578-241596-002 - Requirement for 9mm, 12ga, .308 | Amd 002 - EN578-241596-002 - Requirement for 9mm, 12ga, .308"
Westower Communications,Saskatchewan,1,2100000.0,F1705-230824 Canadian Coast Guard Antenna Systems and Antenna Supporting Structures Standing Offer - BC
Milestone Environmental Contracting Inc.,Ontario,2,2076873.8,EZ897-250196 – Soil Treatment Facility Remediation | EZ897-250454 Groundwater Remediation by In-Situ Chemical Oxidation.
Telerob Gesellschaft für Fernhantierungstechnik mbH,Baden-Württemberg,1,1998625.53,M2989-251911 - EOD Robots
Canadian Maritime Engineering Limited,Nova Scotia,5,1906398.75,F1782-24C022A - CCGS Gordon Reid Alongside Refit | F1782-24C022A - CCGS Gordon Reid Alongside Refit | F1782-24C022A - CCGS Gordon Reid Alongside Refit | F1782-24C022A - CCGS Gordon Reid Alongside Refit | F1782-24C022A - CCGS Gordon Reid Alongside Refit
LLOYD LIBKE LAW ENFORCEMENT SALES,Ontario,1,1858440.0,"AMD 001 - EN578-241596-001 - Requirement for 9mm, 12ga, .308"
Gap wireless Inc.,Ontario,2,1796185.64,W355B-234112 - Microwave Analyzers | W355B-234112 - Microwave Analyzers
Apron Fuel Services Inc,Québec,1,1629335.54,E60HL-240050 NMSO Into-plane Aviation Fuel 2024-2026
G&B Fuels Inc,Alberta,3,1555298.1,E60HL-250052 Bulk Aviation 2025-2027 | E60HL-250052-011-HL Bulk Aviation Fuel 2025-2027 | E60HL-250052 Bulk Aviation 2025-2027
CALIAN LTD.,Ontario,2,1509154.92,W0103-249545 - Senior Academic Instructors | W0103-249545 - Senior Academic Instructors
"Mitsubishi Motor Sales of Canada, Inc.",Ontario,1,1330769.0,DISO and NISO - Light duty vehicles
"Subaru Canada, Inc",Ontario,1,1330769.0,DISO and NISO - Light duty vehicles
Solutions Labco Inc.,Alberta,1,1300000.0,NORLAB_F1022-230004 - Lab Casework
Leonardo Canada - Electronics,Ontario,1,1179563.02,Innovative Solutions Canada Testing Stream Call for Proposals TS2
hermont Marine inc,Québec,2,1000000.0,NISO F7044-240100 - Hermont | Revision 003 - F7044-240100-001ML - NISO Hermont Marine Inc
Spatial Technologies(2017) Inc,Alberta,2,966000.0,M2989-242405 - Robotic Total Station | M2989-242405 - Robotic Total Station
RollanTech Inc.,Quebec,2,870870.0,W3555-240389 - Containerized Load Banks | 23445-250247 Core Sample Splitter
Aéroport Exécutif Gatineau-Ottawa,Québec,1,820676.25,E60HL-240050 NMSO Into-plane Aviation Fuel 2024-2026
Outlaw Eagle Manufacturing Ltd,Alberta,4,750905.4,FW061-230002B – Maximum 6.0 Metres Aluminium Hull Jet Boat | FW061-230002B – Maximum 6.0 Metres Aluminium Hull Jet Boat | FW061-230002B – Maximum 6.0 Metres Aluminium Hull Jet Boat | FW061-230002B – Maximum 6.0 Metres Aluminium Hull Jet Boat
Government of Yukon,Yukon,1,750000.0,K2F53-250288 - Canadian Wetlands Inventory Project
Stantec Consulting Ltd.,Alberta,4,729928.72,"EZ899-250742 - Call-up - Summerland Electrical Distribution Replacement - Summerland, BC | EZ899-250742 - Call-up - Summerland Electrical Distribution Replacement - Summerland, BC | EZ899-250742 - Call-up - Summerland Electrical Distribution Replacement - Summerland, BC | EZ899-250742 - Call-up - Summerland Electrical Distribution Replacement - Summerland, BC"
ALLIANCE SCIENTIFIC INC.,BC,1,700000.0,ALLIANCE_F1022-230004 - Lab Casework
Abloy Canada Inc.,Quebec,1,675000.0,M7594-210562 High Security Keys
Nova Scotia Community College,Nova Scotia,2,638113.44,W0103-249564 Marine Refrigeration and Air Conditioning Instructor Training | A001 W0103-249564 Marine Refrigeration and Air Conditioning Instructor Training
Ador tech Inc.,Ontario,4,589846.95,T7076-240009 - Sandspit Airport 4-in-1 Snow Blade | 01555-250671 - Diesel Zero Turn Mower | W3555-257078 - Chain Tensile Test Bed | 01555-250671 - Diesel Zero Turn Mower
THALES CANADA INC. LA SOCIÉTÉ THALES CANADA INC.,Ontario,1,496775.55,Call for Proposals TS8 - Innovative Solutions Canada - Testing Stream
Ten Barrel Inc. dba Nomad Air,Yukon,1,460396.0,W0133-25T015 - Aircraft Rental for National Skydiving Operations
AGILENT TECHNOLOGIES CANADA INC,Delaware,1,440955.54,39903-250707 High Performance Liquid Chromatography Detector
Agilent Technologies Canada Inc,Ontario,3,389031.54,EZ897-250016A - Inductively Coupled Plasma Spectrometer System | EZ897-250016A - Inductively Coupled Plasma Spectrometer System | EZ897-250016A - Inductively Coupled Plasma Spectrometer System
JETVAC INC,Ontario,1,362250.0,F7049-240039 - CCGS J.P. Tully  - Sewage Treatment Plant
WSP Canada Inc,Québec,3,345567.41,EZ899-251261 DCU – Replace Door Control Systems | EZ899-251172 DCU – Burnaby Boiler Retrofit Assessment | EZ899-251234 DCU - Arc Flash Studies
C2 Custom Furnishings Inc.,Manitoba,2,345415.35,W0133-25T026-A – Captain Beds and Mattresses | W0103-259786 - Mess Hall Dining Furniture
Aerotec Engines LTD,Nova Scotia,2,338265.5,M7594-245363 - Lycoming Engine Exchange for the CESSNA T206H Aircraft | M7594-245363 - Lycoming Engine Exchange for the CESSNA T206H Aircraft
DHI Water and Environment,Ontario,2,332961.24,K8F10-250942 - DHI MIKE Software License | K8F10-250942 - DHI MIKE Software License
Canada Welding Supply Inc.,Ontario,2,328002.66,W3555-257957 - Welding Machines | W3555-257957 - Welding Machines
TREK ENGINEERING INC.,Manitoba,2,278368.0,700791856 | 700791856
Motorola Solutions Canada Inc.,Ontario,1,271635.0,Motorola WAVE RTT
SOUTH BAY CABLE CORP,California,3,270349.8,"F1782-24C075, Armored Fiber Optic Deep-Sea Tether | F1782-24C075, Armored Fiber Optic Deep-Sea Tether | F1782-24C075, Armored Fiber Optic Deep-Sea Tether"
1416600 Alberta Ltd,Alberta,1,250425.0,K3F38-250682 - Walk-in All Weather Shelters
AtkinsRéalis Canada Inc.,Quebec,1,244098.75,EZ108-242062 EGD SOP Development Pumphouse Study
Bruker Ltd.,Ontario,2,230070.27,23240-250477 - Spectrometer | H4005-235061 - DART-MS Installation
ROMOR Atlantic Limited,Nova Scotia,1,226131.15,F1007-230056 - Deep Rated Acoustic Tracking System
"Streaming Networks, Inc.",California,1,217480.0,M2989-246054 - Bait Car Boxes
FOLIO INSTRUMENTS INC,Ontario,1,213433.92,K8F10-240661 - Analyzers
Geotek Limited,Northamptonshire,1,206154.9,23445-250318 - Multi-Sensor Core Logger
GEA Mechanical Equipment Canada,Ontario,1,200000.0,F7044-230486-001-ML NISO for OEM Parts and Service to CCG - GEA Canada
American Vulkan Corporation,Florida,3,154775.25,F1782-24C018-Tully-Vulkan Clutch Sole Source | F1782-24C018-Tully-Vulkan Clutch Sole Source | F1782-24C018 Tully-Vulkan Clutch
Circa F.N. Office Interiors Ltd.,Saskatchewan,2,144900.0,"EZ899-240846 - Workspaces Furniture Health Canada, WAGE, Impact Assessment Agency of Canada | EZ899-250624 - CFIA - Office Seating"
Happy Gas Inc.,Alberta,1,135990.0,E60HL-240050 NMSO Into-plane Aviation Fuel 2024-2026
Donna Cona Inc.,Ontario,3,135006.42,"EZ899-250291 - Office Furniture - CFIA, Sidney | EZ899-250291 - Office Furniture - CFIA, Sidney | EZ899-250291 - Office Furniture - CFIA, Sidney"
Evans Consoles,Texas,1,130814.57,M2989-235757 - Monitor Arms
Swish Maintenance Limited,Ontario,1,111000.0,5P437-240413 - Janitorial Supplies - Pacific Rim
TERMA A/S,Midtjylland,1,99557.84,W3555-244086 - SCANTER Maintenance Training
Paystation Inc.,Ontario,1,95500.0,W0133-25Q067 - NSA approved Degausser and Disintegrator
Qiagen,Ontario,1,90369.09,39903-240546 - Digital PCR
879142 ALBERTA LTD,Alberta,1,89574.77,23145-250641 - LiDAR Drone
Goodfellow Inc.,Quebec,1,86538.38,EZ108-250447 Ekki Wood
IRD CANADA LTD.,Quebec,1,86201.21,W3555-244198 - Balancing Machine Assembly Parts
Toromont Industries Ltd./ Industries Toromont Ltee,Ontario,1,84928.2,W3555-257065 - Electric Scissor Lifts
Esri Canada Limited,Ontario,1,83286.0,W0103-259828 - ArcGIS Software
Sunny shutter INC.,Ontario,1,80860.91,W0103-249721 - Window Covering Project
HYDROPTIC,Occitanie,1,77988.41,F1625-240112 - Underwater Vision Profiler
FISHER SCIENTIFIC COMPANY/SOCIETE FISHER SCIENTIFIQUE,Ontario,1,73911.6,F1625-230058 - Plate Reader
Western Canada Heat Exchanger Ltd,Alberta,1,73500.0,F7049-240197- Laurier Central Cooler Plates
Weinig Holzher Canada Inc.,Quebec,1,73500.0,W3555-249674 - Vertical Panel Saw
Felix Technology Inc.,Ontario,1,71683.5,W3555-244378 – Load Test Bench
INCITE EXPERIENTIAL DESIGN INC O/A RMUS CANADA INC,Ontario,1,71028.52,W0103-259866 - Spirit Blue Dragon Eye Drone
Canal Marine & Industrial Inc.,Ontario,1,67260.3,F7049-240241 - Power Quality Meters
Bunzl Canada,Ontario,1,64449.0,W6862-240142 Feminine Hygiene Dispensers
Hearsafe Canada Inc,Ontario,1,64025.5,W0103-249557 - Custom Ear Protection
CBCL Limited,Nova Scotia,1,57461.25,EZ899-250035 Climate Adaptation Services - TSFM Bldg
Pennel USA,South Carolina,1,55535.89,F1782-24C051 - CCGS Siyay and Moytel Skirt Material
Brandt Tractor Ltd.,Alberta,1,52500.0,K4E21-250383 - Mini Compact Excavator
Felix Dynamics Inc.,Ontario,1,52062.48,W3555-256846 - Metal Plate Embossing Machine
"YSI, INC.",Ohio,1,51196.67,F1103-240513 - Sontek M9 Package
MFE Rentals - Canada,Alberta,1,49035.0,W3555-243589 - Handheld Metal Analyzer
Nabsa Tech Inc.,Ontario,1,45019.8,W3555-259032-A – Industrial Machinery Skates
Visiontec (2008) Ltd,Ontario,1,43990.8,M7594-250309 - Chemical Detector
"Lift Newco, LLC",Georgia,1,38357.24,W3555-256692 - Ergonomic Sail Fabric Roll Lift
TELEDYNE WEBB RESEARCH,Massachusetts,1,33561.99,F1625-240060 - Glider Battery Pack
QIAGEN INC.,Ontario,1,33365.85,01555-251070 - QIAcube Extraction and Purification System
ADVANTEC MANUFACTURING USA INC,Oregon,1,31201.95,F7049-240157 - CCGS Laredo Sound Window Replacement
eSupply Canada Ltd.,Ontario,1,29379.3,W0133-24T065 - Covered smoking hard shelter
M2Ocean Solutions inc. / Solutions M2Océan inc.,Quebec,1,27730.5,F1640-240637 - Deep and Shallow Water Profilers
Atlantic Electronics Ltd,Newfoundland and Labrador,1,24995.25,F1693-240021 - Side Scan Sensor
Petro-Canada Fuels,Québec,1,22356.0,"E60HL-230020 - Diesel Fuel, Automotive Gasoline, and Heating Fuel"
